{
  "totalPnl": -72.60526041615833,
  "numTrades": 130,
  "profitFactor": 0.8805817467213932,
  "maxDrawdownPct": -19.69676664612837,
  "winRate": 33.07692307692307,
  "avgR": -0.05426359139036672,
  "iter": 1,
  "timestamp": "2026-02-26T12:03:52.317Z"
}